id,conversation_id,created_at,date,time,timezone,user_id,username,name,place,tweet,language,mentions,urls,photos,replies_count,retweets_count,likes_count,hashtags,cashtags,link,retweet,quote_url,video,thumbnail,near,geo,source,user_rt_id,user_rt,retweet_id,reply_to,retweet_date,translate,trans_src,trans_dest
1358802519502258176,1358802519502258176,2021-02-08 09:39:00 CST,2021-02-08,09:39:00,-0600,23022687,tedcruz,Ted Cruz,,"Mack is a good friend, and a Houston legend. Congrats!",en,[],[],[],467,267,3203,[],[],https://twitter.com/tedcruz/status/1358802519502258176,False,https://twitter.com/br_betting/status/1358622110629974017,0,,,,,,,,[],,,,
1358791410351243264,1358790870636634112,2021-02-08 08:54:52 CST,2021-02-08,08:54:52,-0600,23022687,tedcruz,Ted Cruz,,2/2 NYT also ‚Äúpicks‚Äù this statement: ‚ÄúChina had it partially correct with one child rule.‚Äù    What the hell???,en,[],[],[],260,197,1426,[],[],https://twitter.com/tedcruz/status/1358791410351243264,False,,0,,,,,,,,[],,,,
1358790870636634112,1358790870636634112,2021-02-08 08:52:43 CST,2021-02-08,08:52:43,-0600,23022687,tedcruz,Ted Cruz,,"Wow. NYT inadvertently agrees with me, that movie villains like Thanos embody today‚Äôs rabid environmentalists.  ‚ÄúWe don‚Äôt need more people in the world. We have too many already. Our climate is hemorrhaging with global warming.‚Äù  That? ‚ÄúTimes Pick.‚Äù  I‚Äôm sure.",en,[],[],[],477,235,1487,[],[],https://twitter.com/tedcruz/status/1358790870636634112,False,https://twitter.com/eggerdc/status/1358641938472312833,0,,,,,,,,[],,,,
1358637226050138114,1358637226050138114,2021-02-07 22:42:11 CST,2021-02-07,22:42:11,-0600,23022687,tedcruz,Ted Cruz,,Damn.  Brady. üêê,en,[],[],[],1357,1708,29779,[],[],https://twitter.com/tedcruz/status/1358637226050138114,False,,0,,,,,,,,[],,,,
1358522829239631879,1358522829239631879,2021-02-07 15:07:37 CST,2021-02-07,15:07:37,-0600,23022687,tedcruz,Ted Cruz,,‚ÄúLearn to code...‚Äù Dems tell the steel-workers.,en,[],[],[],1204,912,5233,[],[],https://twitter.com/tedcruz/status/1358522829239631879,False,https://twitter.com/whitehouse/status/1358461642342809609,0,,,,,,,,[],,,,
1358522363982327808,1358522363982327808,2021-02-07 15:05:46 CST,2021-02-07,15:05:46,-0600,23022687,tedcruz,Ted Cruz,,Unbelievable.,en,[],[],[],4052,5298,23693,[],[],https://twitter.com/tedcruz/status/1358522363982327808,False,https://twitter.com/rncresearch/status/1358447237047681029,0,,,,,,,,[],,,,
1358510525081149440,1358510525081149440,2021-02-07 14:18:43 CST,2021-02-07,14:18:43,-0600,23022687,tedcruz,Ted Cruz,,yes!,und,[],[],[],200,118,1138,[],[],https://twitter.com/tedcruz/status/1358510525081149440,False,https://twitter.com/daveadefeso/status/1358497450323976193,0,,,,,,,,[],,,,
1358482430479523840,1358482430479523840,2021-02-07 12:27:05 CST,2021-02-07,12:27:05,-0600,23022687,tedcruz,Ted Cruz,,helpful,en,[],[],[],677,1098,6936,[],[],https://twitter.com/tedcruz/status/1358482430479523840,False,https://twitter.com/thebabylonbee/status/1358098001072373772,0,,,,,,,,[],,,,
1358481737735688200,1358481737735688200,2021-02-07 12:24:20 CST,2021-02-07,12:24:20,-0600,23022687,tedcruz,Ted Cruz,,Dems value Democracy so much that...  [checks notes]  ...they want to make sure the voters can NEVER AGAIN choose to vote for a candidate the Dems disapprove of.,en,[],[],[],8475,3458,14244,[],[],https://twitter.com/tedcruz/status/1358481737735688200,False,https://twitter.com/housedemocrats/status/1358462785525600257,0,,,,,,,,[],,,,
1358437477200003072,1358437477200003072,2021-02-07 09:28:27 CST,2021-02-07,09:28:27,-0600,23022687,tedcruz,Ted Cruz,,Excellent advice.  https://t.co/NttgebcegJ,en,[],['https://www.jns.org/opinion/six-actions-biden-should-take-to-hold-the-icc-and-palestinian-leaders-accountable/'],[],423,180,1226,[],[],https://twitter.com/tedcruz/status/1358437477200003072,False,,0,,,,,,,,[],,,,
1358240465225736192,1358240465225736192,2021-02-06 20:25:36 CST,2021-02-06,20:25:36,-0600,23022687,tedcruz,Ted Cruz,,strong,en,[],[],[],911,856,10347,[],[],https://twitter.com/tedcruz/status/1358240465225736192,False,https://twitter.com/Not_the_Bee/status/1358208697697189892,0,,,,,,,,[],,,,
1358163031918850054,1358163031918850054,2021-02-06 15:17:54 CST,2021-02-06,15:17:54,-0600,23022687,tedcruz,Ted Cruz,,"For the backstory of what happened in DC last week and how Senate Dems voted to turn their back on fracking, on Keystone Pipeline workers &amp; how they stopped an amendment that would prevent illegal immigrants from receiving stimulus checks, watch #Verdict:   https://t.co/RkFQC3Q9rO  https://t.co/5GVgkmWOg3",en,[],['https://www.youtube.com/watch?v=uzVulfxJrRo'],[],1089,793,2818,['verdict'],[],https://twitter.com/tedcruz/status/1358163031918850054,False,,1,https://pbs.twimg.com/amplify_video_thumb/1358089363767386114/img/EwnVEtIoo9msOepo.jpg,,,,,,,[],,,,
1358132823455109120,1358132823455109120,2021-02-06 13:17:52 CST,2021-02-06,13:17:52,-0600,23022687,tedcruz,Ted Cruz,,No good.,en,[],[],[],481,289,2338,[],[],https://twitter.com/tedcruz/status/1358132823455109120,False,https://twitter.com/brithume/status/1357826182901882885,0,,,,,,,,[],,,,
1358132434429165577,1358132434429165577,2021-02-06 13:16:19 CST,2021-02-06,13:16:19,-0600,23022687,tedcruz,Ted Cruz,,yup,und,[],[],[],1364,2097,15924,[],[],https://twitter.com/tedcruz/status/1358132434429165577,False,https://twitter.com/ingrahamangle/status/1357789014410072066,0,,,,,,,,[],,,,
1357892456302448640,1357892456302448640,2021-02-05 21:22:44 CST,2021-02-05,21:22:44,-0600,23022687,tedcruz,Ted Cruz,,I‚Äôm sure this has NOTHING to do with Biden ignoring the science &amp; overruling the CDC....  #OpenSchoolsNow,en,[],[],[],2306,4089,17235,['openschoolsnow'],[],https://twitter.com/tedcruz/status/1357892456302448640,False,https://twitter.com/foxnews/status/1357787417038716928,0,,,,,,,,[],,,,
1357856540301004800,1357856540301004800,2021-02-05 19:00:01 CST,2021-02-05,19:00:01,-0600,23022687,tedcruz,Ted Cruz,,#Verdict is live.   Tune in now!   https://t.co/yA8txTbaLR  https://t.co/6pSDP5f5wZ,en,[],['https://youtube.com/c/YAFTV'],[],531,200,1153,['verdict'],[],https://twitter.com/tedcruz/status/1357856540301004800,False,,1,https://pbs.twimg.com/amplify_video_thumb/1357436347464773636/img/EVz7j5gGwBLlw7bW.jpg,,,,,,,[],,,,
1357842797898969092,1357842797898969092,2021-02-05 18:05:25 CST,2021-02-05,18:05:25,-0600,23022687,tedcruz,Ted Cruz,,"Big Tech ostentatiously cutting off GOP $$.  Well, these were Microsoft‚Äôs top recipients of campaign $$ in 2020.   Notice a pattern?  ü§∑üèª‚Äç‚ôÇÔ∏è  https://t.co/yXGIoOO2SL",en,[],[],['https://pbs.twimg.com/media/EtgG0hMWQAAnU0W.jpg'],850,615,2227,[],[],https://twitter.com/tedcruz/status/1357842797898969092,False,https://twitter.com/fxshaw/status/1357752774029570048,1,https://pbs.twimg.com/media/EtgG0hMWQAAnU0W.jpg,,,,,,,[],,,,
1357828713476476933,1357828713476476933,2021-02-05 17:09:27 CST,2021-02-05,17:09:27,-0600,23022687,tedcruz,Ted Cruz,,classic.,en,[],[],[],283,84,641,[],[],https://twitter.com/tedcruz/status/1357828713476476933,False,https://twitter.com/fallontonight/status/1357820657757790209,0,,,,,,,,[],,,,
1357824136920379397,1357824136920379397,2021-02-05 16:51:16 CST,2021-02-05,16:51:16,-0600,23022687,tedcruz,Ted Cruz,,.@michaeljknowles   I am not remotely cool enough to be @realtruthcactus,en,"[{'screen_name': 'michaeljknowles', 'name': 'michael knowles', 'id': '31047836'}, {'screen_name': 'realtruthcactus', 'name': 'real truth cactus', 'id': '2542217648'}]",[],[],177,75,597,[],[],https://twitter.com/tedcruz/status/1357824136920379397,False,https://twitter.com/realtruthcactus/status/1357818666780397568,0,,,,,,,,[],,,,
1357786500776271876,1357786500776271876,2021-02-05 14:21:42 CST,2021-02-05,14:21:42,-0600,23022687,tedcruz,Ted Cruz,,"Definitely. The Biden admin should follow the law.  The sanctions passed both Houses of Congress with overwhelming bipartisan support. The sanctions are MANDATORY.  Now is NOT time for Biden to go soft on Russia, especially in light of the disgraceful #Navalny sentence.",en,[],[],[],533,453,2099,['navalny'],[],https://twitter.com/tedcruz/status/1357786500776271876,False,https://twitter.com/ryan_m_tully/status/1357767110806667264,0,,,,,,,,[],,,,
1357773489546133506,1357773489546133506,2021-02-05 13:30:00 CST,2021-02-05,13:30:00,-0600,23022687,tedcruz,Ted Cruz,,#Verdict is live from Miami tonight at 8:00pm eastern!   Make sure you‚Äôre subscribed to YAFtv on YouTube to watch and submit your questions for @michaeljknowles and me to answer during the LIVE mailbag segment.    https://t.co/yA8txTsMar  https://t.co/Cl68TlX5k1,en,"[{'screen_name': 'michaeljknowles', 'name': 'michael knowles', 'id': '31047836'}]",['https://youtube.com/c/YAFTV'],['https://pbs.twimg.com/media/EteQp7TWgAETafe.jpg'],237,96,495,['verdict'],[],https://twitter.com/tedcruz/status/1357773489546133506,False,,1,https://pbs.twimg.com/media/EteQp7TWgAETafe.jpg,,,,,,,[],,,,
1357741982647468034,1357741982647468034,2021-02-05 11:24:48 CST,2021-02-05,11:24:48,-0600,23022687,tedcruz,Ted Cruz,,The Biden admin needs to stop messing around and listen to the scientists.   Open up the schools now! Kids are being hurt.,en,[],[],[],1874,1094,7375,[],[],https://twitter.com/tedcruz/status/1357741982647468034,False,https://twitter.com/jonathanvswan/status/1357738936425189377,0,,,,,,,,[],,,,
1357630737927852032,1357630737927852032,2021-02-05 04:02:46 CST,2021-02-05,04:02:46,-0600,23022687,tedcruz,Ted Cruz,,Twitter is a terrifying place.  @michaeljknowles  #Verdict,en,"[{'screen_name': 'michaeljknowles', 'name': 'michael knowles', 'id': '31047836'}]",[],[],607,219,2541,['verdict'],[],https://twitter.com/tedcruz/status/1357630737927852032,False,https://twitter.com/michaeljknowles/status/1357494830792921090,0,,,,,,,,[],,,,
1357571030102011905,1357571030102011905,2021-02-05 00:05:30 CST,2021-02-05,00:05:30,-0600,23022687,tedcruz,Ted Cruz,,Worth watching.,en,[],[],[],930,2006,9434,[],[],https://twitter.com/tedcruz/status/1357571030102011905,False,https://twitter.com/TheEliKlein/status/1357080891609255938,0,,,,,,,,[],,,,
1357515883732754433,1357515883732754433,2021-02-04 20:26:22 CST,2021-02-04,20:26:22,-0600,23022687,tedcruz,Ted Cruz,,Quel surprise.,fr,[],[],[],1218,1074,6498,[],[],https://twitter.com/tedcruz/status/1357515883732754433,False,https://twitter.com/Reuters/status/1357500849749131265,0,,,,,,,,[],,,,
1357460317547151361,1357460317547151361,2021-02-04 16:45:34 CST,2021-02-04,16:45:34,-0600,23022687,tedcruz,Ted Cruz,,I‚Äôll lift the hold when the Biden admin commits to keep the massive Chinese Communist Party spy operation Huawei on the Entity List.,en,[],[],[],901,980,5539,[],[],https://twitter.com/tedcruz/status/1357460317547151361,False,https://twitter.com/DanielPFlatley/status/1357457437863915522,0,,,,,,,,[],,,,
1357453353677119493,1357453353677119493,2021-02-04 16:17:54 CST,2021-02-04,16:17:54,-0600,23022687,tedcruz,Ted Cruz,,As you wish.... ü§∑üèª‚Äç‚ôÇÔ∏è  https://t.co/HxuFuNc79s,en,[],[],['https://pbs.twimg.com/media/EtakoNjXEAEWttj.jpg'],2684,1677,23721,[],[],https://twitter.com/tedcruz/status/1357453353677119493,False,,1,https://pbs.twimg.com/media/EtakoNjXEAEWttj.jpg,,,,,,,[],,,,
1357445285442695171,1357445285442695171,2021-02-04 15:45:50 CST,2021-02-04,15:45:50,-0600,23022687,tedcruz,Ted Cruz,,Teachers unions over kids yet again.,en,[],[],[],934,1256,5482,[],[],https://twitter.com/tedcruz/status/1357445285442695171,False,https://twitter.com/burgessev/status/1357442182404259841,0,,,,,,,,[],,,,
1357440611612295168,1357440611612295168,2021-02-04 15:27:16 CST,2021-02-04,15:27:16,-0600,23022687,tedcruz,Ted Cruz,,"Subscribe to YAFtv on YouTube to watch and submit your questions for @michaeljknowles and me to answer in the LIVE mailbag segment of #Verdict on Friday, February 5 at 8:00 pm eastern.    https://t.co/yA8txTsMar  https://t.co/qlJG8vk8mI",en,"[{'screen_name': 'michaeljknowles', 'name': 'michael knowles', 'id': '31047836'}]",['https://youtube.com/c/YAFTV'],[],218,87,482,['verdict'],[],https://twitter.com/tedcruz/status/1357440611612295168,False,,1,https://pbs.twimg.com/amplify_video_thumb/1357427717231247361/img/zEHnh4CwF4D04Eso.jpg,,,,,,,[],,,,
1357422581679333381,1357422581679333381,2021-02-04 14:15:37 CST,2021-02-04,14:15:37,-0600,23022687,tedcruz,Ted Cruz,,Republicans need to do everything we can to fight back against Team Biden‚Äôs flood of pro-China nominees.   https://t.co/HZxBnvCsPC,en,[],['https://www.foxnews.com/politics/senate-biden-un-pick-china-speech'],[],1134,1418,7153,[],[],https://twitter.com/tedcruz/status/1357422581679333381,False,,0,,,,,,,,[],,,,
1357354294106808325,1357354294106808325,2021-02-04 09:44:16 CST,2021-02-04,09:44:16,-0600,23022687,tedcruz,Ted Cruz,,Will Joe Biden listen to the science?,en,[],[],[],1321,1717,9235,[],[],https://twitter.com/tedcruz/status/1357354294106808325,False,https://twitter.com/MaryAnnAhernNBC/status/1357162753207767042,0,,,,,,,,[],,,,
1357306968688443393,1357306968688443393,2021-02-04 06:36:13 CST,2021-02-04,06:36:13,-0600,23022687,tedcruz,Ted Cruz,,You do not want to miss my full interview with @ClayTravis.,en,"[{'screen_name': 'claytravis', 'name': 'clay travis', 'id': '50772918'}]",[],[],958,145,1821,[],[],https://twitter.com/tedcruz/status/1357306968688443393,False,https://twitter.com/ClayTravis/status/1357112950885122048,0,,,,,,,,[],,,,
1357196086130204673,1357196086130204673,2021-02-03 23:15:37 CST,2021-02-03,23:15:37,-0600,23022687,tedcruz,Ted Cruz,,"NYC is a great city...except for the idiot politicians who shut down every restaurant, theatre, synagogue, or small business.   The madness must end. Come to Texas!",en,[],[],[],1904,1253,10242,[],[],https://twitter.com/tedcruz/status/1357196086130204673,False,https://twitter.com/NYCMayor/status/1357150706743070723,0,,,,,,,,[],,,,
1357034597247254530,1357034597247254530,2021-02-03 12:33:55 CST,2021-02-03,12:33:55,-0600,23022687,tedcruz,Ted Cruz,,Week 2 Dem message on ‚Äúunity‚Äù:   please keep discriminating based on race.  https://t.co/papqMaHkTm,en,[],['https://www.cnbc.com/2021/02/03/doj-drops-suit-accusing-yale-of-discriminating-against-white-asian-students.html'],[],910,578,2369,[],[],https://twitter.com/tedcruz/status/1357034597247254530,False,,0,,,,,,,,[],,,,
1357019373358186499,1357019373358186499,2021-02-03 11:33:25 CST,2021-02-03,11:33:25,-0600,23022687,tedcruz,Ted Cruz,,but of course,en,[],[],[],1230,1654,10798,[],[],https://twitter.com/tedcruz/status/1357019373358186499,False,https://twitter.com/peterjhasson/status/1356988540731727874,0,,,,,,,,[],,,,
1356950317963882500,1356950317963882500,2021-02-03 06:59:01 CST,2021-02-03,06:59:01,-0600,23022687,tedcruz,Ted Cruz,,"CNN:  Biden administration putting kids in cages.  Tragically, as a result of the promise of amnesty, more unaccompanied children are being put into the custody of human traffickers and facing horrific abuse.",en,[],[],[],2274,4094,12311,[],[],https://twitter.com/tedcruz/status/1356950317963882500,False,https://twitter.com/priscialva/status/1356724733023313920,0,,,,,,,,[],,,,
1356947776404393986,1356947776404393986,2021-02-03 06:48:55 CST,2021-02-03,06:48:55,-0600,23022687,tedcruz,Ted Cruz,,A policy shift to watch: Joe Biden‚Äôs Cabinet picks and their embrace of Communist China.   #Verdict   https://t.co/y5hvvmCFei  https://t.co/xN5YPPW0uK,en,[],['https://youtu.be/5MZBylrDMMM'],[],906,572,2455,['verdict'],[],https://twitter.com/tedcruz/status/1356947776404393986,False,,1,https://pbs.twimg.com/amplify_video_thumb/1356318993825587201/img/XbcMNJSYRO8EJEtX.jpg,,,,,,,[],,,,
1356794999866871808,1356794999866871808,2021-02-02 20:41:50 CST,2021-02-02,20:41:50,-0600,23022687,tedcruz,Ted Cruz,,Blue horseshoe loves GameStop.,en,[],[],[],1501,727,8632,[],[],https://twitter.com/tedcruz/status/1356794999866871808,False,,0,,,,,,,,[],,,,
1356720297802661888,1356720297802661888,2021-02-02 15:45:00 CST,2021-02-02,15:45:00,-0600,23022687,tedcruz,Ted Cruz,,"It‚Äôs never their own jobs the Left wants to destroy, it‚Äôs always your job.   #Verdict   https://t.co/y5hvvmCFei  https://t.co/N3SZIU7PYq",en,[],['https://youtu.be/5MZBylrDMMM'],[],1970,1334,6995,['verdict'],[],https://twitter.com/tedcruz/status/1356720297802661888,False,,1,https://pbs.twimg.com/amplify_video_thumb/1356315613107548161/img/2cIrWwKerHMCfzap.jpg,,,,,,,[],,,,
1356686477724377091,1356686477724377091,2021-02-02 13:30:36 CST,2021-02-02,13:30:36,-0600,23022687,tedcruz,Ted Cruz,,sigh.  @michaeljknowles and I have no defense.   We forgot our good friend the cactus.,en,"[{'screen_name': 'michaeljknowles', 'name': 'michael knowles', 'id': '31047836'}]",[],[],567,83,1004,[],[],https://twitter.com/tedcruz/status/1356686477724377091,False,https://twitter.com/realtruthcactus/status/1356559158691172354,0,,,,,,,,[],,,,
1356682922514931725,1356682922514931725,2021-02-02 13:16:29 CST,2021-02-02,13:16:29,-0600,23022687,tedcruz,Ted Cruz,,"Now CNN is doing (inadvertent) #Verdict promos!  Heavily excerpted, it‚Äôs their typically dishonest reporting, but watch &amp; judge for yourself:  https://t.co/sDGGm5Siji",en,[],['https://youtu.be/p6ReEeokXQI'],[],1045,264,1368,['verdict'],[],https://twitter.com/tedcruz/status/1356682922514931725,False,https://twitter.com/cnnnewsroom/status/1356675751123312646,0,,,,,,,,[],,,,
1356655247142354951,1356655247142354951,2021-02-02 11:26:31 CST,2021-02-02,11:26:31,-0600,23022687,tedcruz,Ted Cruz,,It‚Äôs been a wild 5 years.  To put it mildly.  God bless our great Nation.,en,[],[],[],1663,302,4433,[],[],https://twitter.com/tedcruz/status/1356655247142354951,False,https://twitter.com/OnThisDayNYT/status/1356633480424280065,0,,,,,,,,[],,,,
1356600454277443587,1356600454277443587,2021-02-02 07:48:47 CST,2021-02-02,07:48:47,-0600,23022687,tedcruz,Ted Cruz,,"Today‚Äôs Democrat Party is the party of Wall Street, Big Tech, and Hollywood and they‚Äôve turned their back on working men and women.   #Verdict   https://t.co/y5hvvmCFei  https://t.co/bsJ8We5K9o",en,[],['https://youtu.be/5MZBylrDMMM'],[],3647,1615,7824,['verdict'],[],https://twitter.com/tedcruz/status/1356600454277443587,False,,1,https://pbs.twimg.com/amplify_video_thumb/1356310910596509709/img/A-HYZ7reHxAci_Ok.jpg,,,,,,,[],,,,
1356390251758047232,1356390251758047232,2021-02-01 17:53:31 CST,2021-02-01,17:53:31,-0600,23022687,tedcruz,Ted Cruz,,yup.,und,[],[],[],2815,1046,8382,[],[],https://twitter.com/tedcruz/status/1356390251758047232,False,https://twitter.com/jasonscampbell/status/1356378635779911680,0,,,,,,,,[],,,,
1356329573110132736,1356329573110132736,2021-02-01 13:52:24 CST,2021-02-01,13:52:24,-0600,23022687,tedcruz,Ted Cruz,,"We shouldn‚Äôt have one rule for rich hedge funds in Manhattan and a different set of rules for every other American.   For my full discussion about Robinhood and GameStop, click the link to watch the latest episode of #Verdict:   https://t.co/y5hvvmCFei  https://t.co/3CLvDbWEbA",en,[],['https://youtu.be/5MZBylrDMMM'],[],1460,757,4842,['verdict'],[],https://twitter.com/tedcruz/status/1356329573110132736,False,,1,https://pbs.twimg.com/amplify_video_thumb/1356302531392057344/img/mjodmXNSoIP1urpv.jpg,,,,,,,[],,,,
1356244772428664834,1356244772428664834,2021-02-01 08:15:26 CST,2021-02-01,08:15:26,-0600,23022687,tedcruz,Ted Cruz,,"Steal from the poor, give to the rich?   Listen to the latest episode of #Verdict where @michaeljknowles and I discuss the latest on GameStop and who Joe Biden is appointing to his cabinet.    https://t.co/gMWs3u7kTh",en,"[{'screen_name': 'michaeljknowles', 'name': 'michael knowles', 'id': '31047836'}]",['https://podcasts.apple.com/us/podcast/verdict-with-ted-cruz/id1495601614#episodeGuid=e16f1812-6492-11eb-b5ea-0f4ef0e18487'],[],1135,354,2057,['verdict'],[],https://twitter.com/tedcruz/status/1356244772428664834,False,,0,,,,,,,,[],,,,
1355552459977056260,1355552459977056260,2021-01-30 10:24:26 CST,2021-01-30,10:24:26,-0600,23022687,tedcruz,Ted Cruz,,How the hell does this make sense??  https://t.co/ZdPh60Eijv,en,[],['https://nypost.com/2021/01/29/khalid-sheikh-mohammed-to-get-covid-19-vaccine-in-guantanamo/'],[],6513,4483,18490,[],[],https://twitter.com/tedcruz/status/1355552459977056260,False,,0,,,,,,,,[],,,,
1355365626345377801,1355365626345377801,2021-01-29 22:02:01 CST,2021-01-29,22:02:01,-0600,23022687,tedcruz,Ted Cruz,,Confused about what happened this week with GameStop and Robin Hood?  This column is very insightful and helpful for understanding the details.   The same rules should apply to everybody‚Äîrich &amp; poor alike.  https://t.co/3ltPKYxH5s,en,[],['https://www.bloomberg.com/opinion/articles/2021-01-28/knowing-when-to-sell-gamestop-stock-at-the-top-is-impossible'],[],2055,2772,13273,[],[],https://twitter.com/tedcruz/status/1355365626345377801,False,,0,,,,,,,,[],,,,
1355272398128427011,1355272398128427011,2021-01-29 15:51:34 CST,2021-01-29,15:51:34,-0600,23022687,tedcruz,Ted Cruz,,yes,und,[],[],[],1168,519,8045,[],[],https://twitter.com/tedcruz/status/1355272398128427011,False,https://twitter.com/trscoop/status/1355268961835880455,0,,,,,,,,[],,,,
1355259096367247360,1355259096367247360,2021-01-29 14:58:42 CST,2021-01-29,14:58:42,-0600,23022687,tedcruz,Ted Cruz,,"Union bosses are exploiting the pandemic and barring students from attending public schools.   Back in September, I spoke with former Education Secretary Betsy DeVos about the importance of school choice on #Verdict.  Watch part of our discussion below.   https://t.co/aHpxw83BID  https://t.co/aX8FLEvrnp",en,[],['https://www.foxnews.com/opinion/ted-cruz-covid-teachers-union-school-kids-choice'],[],1194,353,2150,['verdict'],[],https://twitter.com/tedcruz/status/1355259096367247360,False,,1,https://pbs.twimg.com/amplify_video_thumb/1355258247725379585/img/yILe9FVei7U0a-G2.jpg,,,,,,,[],,,,
1355197610320142339,1355197610320142339,2021-01-29 10:54:23 CST,2021-01-29,10:54:23,-0600,23022687,tedcruz,Ted Cruz,,Wonder where ‚Äúall the hype‚Äù came from....  https://t.co/cO65y0ZaWf,en,[],[],['https://pbs.twimg.com/media/Es6hCwiXIAQxxY1.jpg'],965,1446,8275,[],[],https://twitter.com/tedcruz/status/1355197610320142339,False,https://twitter.com/ChrisCillizza/status/1355149112753217536,1,https://pbs.twimg.com/media/Es6hCwiXIAQxxY1.jpg,,,,,,,[],,,,
1355196545365385216,1355196545365385216,2021-01-29 10:50:09 CST,2021-01-29,10:50:09,-0600,23022687,tedcruz,Ted Cruz,,Joe Biden‚Äôs agenda continues to harm America‚Äôs workers.  https://t.co/smdyqGRtWx,en,[],['https://townhall.com/tipsheet/juliorosas/2021/01/29/early-effects-of-joe-biden-halting-border-wall-construction-n2583899'],[],1764,2193,8013,[],[],https://twitter.com/tedcruz/status/1355196545365385216,False,,0,,,,,,,,[],,,,
1354833603943931905,1354833603943931905,2021-01-28 10:47:57 CST,2021-01-28,10:47:57,-0600,23022687,tedcruz,Ted Cruz,,Fully agree. üëá,en,[],[],[],10926,18680,109383,[],[],https://twitter.com/tedcruz/status/1354833603943931905,False,https://twitter.com/AOC/status/1354830697459032066,0,,,,,,,,[],,,,
1354814795212439554,1354814795212439554,2021-01-28 09:33:13 CST,2021-01-28,09:33:13,-0600,23022687,tedcruz,Ted Cruz,,Listen to the Canadians.,en,[],[],[],1527,1439,6371,[],[],https://twitter.com/tedcruz/status/1354814795212439554,False,https://twitter.com/jkenney/status/1354648915333668871,0,,,,,,,,[],,,,
1354813347703648266,1354813347703648266,2021-01-28 09:27:27 CST,2021-01-28,09:27:27,-0600,23022687,tedcruz,Ted Cruz,,I‚Äôm sure CNN will cover this diligently.,en,[],[],[],1593,2298,10339,[],[],https://twitter.com/tedcruz/status/1354813347703648266,False,https://twitter.com/brianmrosenthal/status/1354808794677616646,0,,,,,,,,[],,,,
1354810452383948813,1354810452383948813,2021-01-28 09:15:57 CST,2021-01-28,09:15:57,-0600,23022687,tedcruz,Ted Cruz,,ü§î  https://t.co/PjWTyplYIK,und,[],[],"['https://pbs.twimg.com/media/Es1A7BrUUAIv-xo.jpg', 'https://pbs.twimg.com/media/Es1A7BtVEAYz2Eo.jpg']",2177,13008,66462,[],[],https://twitter.com/tedcruz/status/1354810452383948813,False,,1,https://pbs.twimg.com/media/Es1A7BrUUAIv-xo.jpg,,,,,,,[],,,,
1354775552683606017,1354775552683606017,2021-01-28 06:57:16 CST,2021-01-28,06:57:16,-0600,23022687,tedcruz,Ted Cruz,,"With the Radicals in charge, the policies of the Socialist Left will be on full display.  Don‚Äôt be surprised when Democrats overreach.   #Verdict   https://t.co/sDGGm5Siji  https://t.co/jWVhc5UlCg",en,[],['https://youtu.be/p6ReEeokXQI'],[],2630,1264,6780,['verdict'],[],https://twitter.com/tedcruz/status/1354775552683606017,False,,1,https://pbs.twimg.com/ext_tw_video_thumb/1354774959109926913/pu/img/0iR-lYW2UT3ww8Jt.jpg,,,,,,,[],,,,
1354647090769571841,1354647090769571841,2021-01-27 22:26:49 CST,2021-01-27,22:26:49,-0600,23022687,tedcruz,Ted Cruz,,"Uh, no.  You should buy this book instead:  https://t.co/qts9gyKX1A  https://t.co/NQpMdRrFxR",en,[],"['http://onevoteaway.com', 'https://www.vulture.com/2021/01/seth-rogen-book-yearbook-book-release-date.html']",[],983,265,2556,[],[],https://twitter.com/tedcruz/status/1354647090769571841,False,,0,,,,,,,,[],,,,
1354645475329257472,1354645475329257472,2021-01-27 22:20:24 CST,2021-01-27,22:20:24,-0600,23022687,tedcruz,Ted Cruz,,This is bull$#&amp;!,en,[],[],[],4825,3351,21499,[],[],https://twitter.com/tedcruz/status/1354645475329257472,False,https://twitter.com/peta/status/1354112418276728832,0,,,,,,,,[],,,,
1354622892487671811,1354622717274820612,2021-01-27 20:50:39 CST,2021-01-27,20:50:39,-0600,23022687,tedcruz,Ted Cruz,,"And then in March 2019, Thomas-Greenfield again said she did not see the U.S. as competing with China for influence in Africa and with African leaders and that our role was ""to ensure that they have the capacity to strike and negotiate better deals with the Chinese.""  https://t.co/4N7BEu8Uxi",en,[],[],[],236,414,1961,[],[],https://twitter.com/tedcruz/status/1354622892487671811,False,,1,https://pbs.twimg.com/ext_tw_video_thumb/1354621997750362113/pu/img/F5Tsl5bmMhtVprxP.jpg,,,,,,,[],,,,
1354622815794847747,1354622717274820612,2021-01-27 20:50:21 CST,2021-01-27,20:50:21,-0600,23022687,tedcruz,Ted Cruz,,"In May 2014, Thomas-Greenfield said she was not concerned about China buying its way into controlling Africa, that African leaders should work to get the best possible deal with China, and in fact we were also ""working closely with the Chinese.""  https://t.co/EteRlAgche",en,[],[],[],165,479,2122,[],[],https://twitter.com/tedcruz/status/1354622815794847747,False,,1,https://pbs.twimg.com/ext_tw_video_thumb/1354619898408947715/pu/img/qpFHVONolwTqDoBg.jpg,,,,,,,[],,,,
1354622765773565953,1354622717274820612,2021-01-27 20:50:09 CST,2021-01-27,20:50:09,-0600,23022687,tedcruz,Ted Cruz,,"In October 2013, she said it again.  Here's video.  https://t.co/Jcif1umwdD",en,[],[],[],30,263,1173,[],[],https://twitter.com/tedcruz/status/1354622765773565953,False,,1,https://pbs.twimg.com/ext_tw_video_thumb/1354619198681587712/pu/img/GtcO_Cfp_SKXIrKm.jpg,,,,,,,[],,,,
1354622723851493376,1354622717274820612,2021-01-27 20:49:59 CST,2021-01-27,20:49:59,-0600,23022687,tedcruz,Ted Cruz,,"On July 24, 2013, Thomas-Greenfield told the Senate, ""I do not see us as competing"" with China in Africa.    https://t.co/bD8dHqK8RV  https://t.co/JTYSJsxhwi",en,[],['https://www.foreign.senate.gov/imo/media/doc/072413_Transcript_Nominations%20of%20ThomasGreenfield_Entwistle_Haslach_Bridety_Sullivan_Gaspard.pdf'],['https://pbs.twimg.com/media/EsySm-nW8AYjxZO.png'],33,225,1092,[],[],https://twitter.com/tedcruz/status/1354622723851493376,False,,1,https://pbs.twimg.com/media/EsySm-nW8AYjxZO.png,,,,,,,[],,,,
1354622720265375757,1354622717274820612,2021-01-27 20:49:58 CST,2021-01-27,20:49:58,-0600,23022687,tedcruz,Ted Cruz,,"In 2006, at the State Department, Thomas-Greenfield said she was not concerned about China's growing power in Africa.    https://t.co/Ads4UOo3Ug  https://t.co/L42xp77iNx",en,[],['https://2001-2009.state.gov/r/pa/prs/dpb/2006/67466.htm'],['https://pbs.twimg.com/media/EsySZR8WMAAzsX0.jpg'],39,256,1232,[],[],https://twitter.com/tedcruz/status/1354622720265375757,False,,1,https://pbs.twimg.com/media/EsySZR8WMAAzsX0.jpg,,,,,,,[],,,,
1354622717274820612,1354622717274820612,2021-01-27 20:49:58 CST,2021-01-27,20:49:58,-0600,23022687,tedcruz,Ted Cruz,,"After I questioned Linda Thomas-Greenfield this morning about her embrace of China in a Confucius Institute speech, some said her praise of the Chinese Communist Party was a one-off.   No it wasn't.  Let‚Äôs go to the archives.",en,[],[],[],703,2334,9608,[],[],https://twitter.com/tedcruz/status/1354622717274820612,False,,0,,,,,,,,[],,,,
1354593141274398722,1354593141274398722,2021-01-27 18:52:26 CST,2021-01-27,18:52:26,-0600,23022687,tedcruz,Ted Cruz,,Biden admin unity update.  ‚¨áÔ∏è  https://t.co/rVc5Ob31Zs,en,[],[],[],1765,1205,5150,[],[],https://twitter.com/tedcruz/status/1354593141274398722,False,,1,https://pbs.twimg.com/ext_tw_video_thumb/1354592600355958791/pu/img/hPFhJDIDdrITp9X9.jpg,,,,,,,[],,,,
1354568967201959937,1354568967201959937,2021-01-27 17:16:23 CST,2021-01-27,17:16:23,-0600,23022687,tedcruz,Ted Cruz,,Totally unacceptable.,ca,[],[],[],1275,1056,5285,[],[],https://twitter.com/tedcruz/status/1354568967201959937,False,https://twitter.com/joshrogin/status/1354455702102831104,0,,,,,,,,[],,,,
1354497665757806592,1354497665757806592,2021-01-27 12:33:03 CST,2021-01-27,12:33:03,-0600,23022687,tedcruz,Ted Cruz,,"Rich, out-of-touch Dems lecture the thousands of blue-collar union members whose jobs are being deliberately destroyed by the Biden admin:    Make ‚Äúbetter choices.‚Äù  While you‚Äôre at it, don‚Äôt forget ‚ÄúLet them eat cake!‚Äù",en,[],[],[],3425,3345,11754,[],[],https://twitter.com/tedcruz/status/1354497665757806592,False,https://twitter.com/DailyCaller/status/1354491102276022272,0,,,,,,,,[],,,,
1354433947497852939,1354433947497852939,2021-01-27 08:19:51 CST,2021-01-27,08:19:51,-0600,23022687,tedcruz,Ted Cruz,,"This is BAD.  The CCP uses Confucius Institutes for propaganda &amp; espionage. Congress passed bipartisan legislation, which I authored, closing dozens of them.  Why did Biden‚Äôs UN Ambassador nominee give a paid speech at a Confucius Institute praising China?  https://t.co/JRMwVnU6cN",en,[],['https://www.washingtonpost.com/opinions/2021/01/27/linda-thomas-greenfield-china-biden-united-nations-ambassador/'],[],1894,4217,10358,[],[],https://twitter.com/tedcruz/status/1354433947497852939,False,,0,,,,,,,,[],,,,
1354420346611523586,1354420346611523586,2021-01-27 07:25:49 CST,2021-01-27,07:25:49,-0600,23022687,tedcruz,Ted Cruz,,"With a stroke of a pen, Joe Biden has told union workers: Your jobs don‚Äôt matter.  Now Biden‚Äôs nominees are getting cozy with China!  https://t.co/j8L4UAjBlJ",en,[],[],[],3012,5539,21946,[],[],https://twitter.com/tedcruz/status/1354420346611523586,False,,1,https://pbs.twimg.com/ext_tw_video_thumb/1354420299152945157/pu/img/MusNlGMJqVhgCPDw.jpg,,,,,,,[],,,,
1354241475291262976,1354241475291262976,2021-01-26 19:35:02 CST,2021-01-26,19:35:02,-0600,23022687,tedcruz,Ted Cruz,,The union bosses win again.,en,[],[],[],1881,856,4970,[],[],https://twitter.com/tedcruz/status/1354241475291262976,False,https://twitter.com/DailyCaller/status/1354236712663343105,0,,,,,,,,[],,,,
1354215265559580673,1354215265559580673,2021-01-26 17:50:54 CST,2021-01-26,17:50:54,-0600,23022687,tedcruz,Ted Cruz,,"When the impeachment trial begins next month, Democrats will be continuing their petty, vindictive ways instead of delivering aid to the American people.   #Verdict   https://t.co/sDGGm5Siji  https://t.co/dHQZS4kN8V",en,[],['https://youtu.be/p6ReEeokXQI'],[],4713,1376,7273,['verdict'],[],https://twitter.com/tedcruz/status/1354215265559580673,False,,1,https://pbs.twimg.com/amplify_video_thumb/1354160648926724096/img/o72nIl38EbIPJfgd.jpg,,,,,,,[],,,,
1354158241907933184,1354158241907933184,2021-01-26 14:04:18 CST,2021-01-26,14:04:18,-0600,23022687,tedcruz,Ted Cruz,,Is WaPo‚Äôs position really that WaPo headlines are inherently unreliable?  Even when they‚Äôre quoting Biden verbatim?  ‚ÄúI will not ban fracking. Period.‚Äù  Pretty unambiguous.,en,[],[],[],682,677,3346,[],[],https://twitter.com/tedcruz/status/1354158241907933184,False,https://twitter.com/GlennKesslerWP/status/1354108034075787270,0,,,,,,,,[],,,,
1354155188634972160,1354155188634972160,2021-01-26 13:52:10 CST,2021-01-26,13:52:10,-0600,23022687,tedcruz,Ted Cruz,,"Striking: ‚ÄúNearly $132 million in anonymous money backed [Joe Biden‚Äôs] White House bid, compared to nearly $22 million to aid President Donald Trump.‚Äù  Despite their rhetoric, today‚Äôs Dems are the party of the rich, those who depend on government power for their wealth.",en,[],[],[],1951,4633,12865,[],[],https://twitter.com/tedcruz/status/1354155188634972160,False,https://twitter.com/ComfortablySmug/status/1354106281011924992,0,,,,,,,,[],,,,
1354127131689840640,1354127131689840640,2021-01-26 12:00:41 CST,2021-01-26,12:00:41,-0600,23022687,tedcruz,Ted Cruz,,"For Democrats, their partisan hatred is a much higher priority than working for the American people and doing something about the pandemic.   So much for Biden‚Äôs calls for unity.  https://t.co/QWIg9x3BcZ",en,[],[],[],2448,1341,7044,[],[],https://twitter.com/tedcruz/status/1354127131689840640,False,,1,https://pbs.twimg.com/amplify_video_thumb/1354124424375623680/img/NLbakuQ0xs17ZYim.jpg,,,,,,,[],,,,
1354068300544815107,1353866313500913670,2021-01-26 08:06:54 CST,2021-01-26,08:06:54,-0600,23022687,tedcruz,Ted Cruz,,@NancyLRogers1 thx. done.,en,[],[],[],6,2,3,[],[],https://twitter.com/tedcruz/status/1354068300544815107,False,,0,,,,,,,,"[{'screen_name': 'NancyLRogers1', 'name': 'Nancy L. Rogers', 'id': '2387746658'}]",,,,
1354068229480714241,1354068229480714241,2021-01-26 08:06:37 CST,2021-01-26,08:06:37,-0600,23022687,tedcruz,Ted Cruz,,nice!,en,[],[],[],386,102,1687,[],[],https://twitter.com/tedcruz/status/1354068229480714241,False,https://twitter.com/Grav1/status/1353878273269391360,0,,,,,,,,[],,,,
1354066347098046469,1354066347098046469,2021-01-26 07:59:09 CST,2021-01-26,07:59:09,-0600,23022687,tedcruz,Ted Cruz,,"WaPo confirms that YES, on his 1st day in office, Joe Biden destroyed 11,000 jobs (including 8000 union jobs).  But, it says, they‚Äôre construction jobs so are only temporary.  ALL construction jobs are temporary. Presidents still shouldn‚Äôt destroy them.  https://t.co/ua0jJFrl23",en,[],['https://www.washingtonpost.com/politics/2021/01/26/ted-cruz-pumps-up-keystone-job-numbers/'],[],1224,2506,11297,[],[],https://twitter.com/tedcruz/status/1354066347098046469,False,,0,,,,,,,,[],,,,
1353906855882457096,1353906855882457096,2021-01-25 21:25:23 CST,2021-01-25,21:25:23,-0600,23022687,tedcruz,Ted Cruz,,"We are the Borg. There is only one view. Any contrary view does not exist, or must be assimilated.   Journalism does not exist. Only orthodoxy. And conformity.",en,[],[],[],3400,3280,16741,[],[],https://twitter.com/tedcruz/status/1353906855882457096,False,https://twitter.com/thedailybeast/status/1353835608964292609,0,,,,,,,,[],,,,
1353889252103360512,1353889252103360512,2021-01-25 20:15:26 CST,2021-01-25,20:15:26,-0600,23022687,tedcruz,Ted Cruz,,Republicans press constitutional amendment term-limiting members of Congress | Fox News  https://t.co/z80lQI0Btp,en,[],['https://www.foxnews.com/politics/republicans-term-limits-constitutional-amendment'],[],1388,2528,16449,[],[],https://twitter.com/tedcruz/status/1353889252103360512,False,,0,,,,,,,,[],,,,
1353886754495991810,1353886754495991810,2021-01-25 20:05:30 CST,2021-01-25,20:05:30,-0600,23022687,tedcruz,Ted Cruz,,Yes!,und,[],[],[],412,731,5791,[],[],https://twitter.com/tedcruz/status/1353886754495991810,False,https://twitter.com/bobvanderplaats/status/1353884015527387136,0,,,,,,,,[],,,,
1353806310836461568,1353806310836461568,2021-01-25 14:45:51 CST,2021-01-25,14:45:51,-0600,23022687,tedcruz,Ted Cruz,,"Judge for yourself. If you want to learn the full, inside story of what really happened during the certification vote and the Capitol riot on Jan 6‚Äîwithout the media spin‚Äîwatch here on the latest episode of #Verdict:   https://t.co/sDGGm5Siji",en,[],['https://youtu.be/p6ReEeokXQI'],[],3601,3523,12426,['verdict'],[],https://twitter.com/tedcruz/status/1353806310836461568,False,,0,,,,,,,,[],,,,
1353729460332339200,1353729460332339200,2021-01-25 09:40:29 CST,2021-01-25,09:40:29,-0600,23022687,tedcruz,Ted Cruz,,Yes! @michaeljknowles   Blessings.,en,"[{'screen_name': 'michaeljknowles', 'name': 'michael knowles', 'id': '31047836'}]",[],[],694,177,2367,[],[],https://twitter.com/tedcruz/status/1353729460332339200,False,https://twitter.com/vatechmountain/status/1353725437470502913,0,,,,,,,,[],,,,
1353438636054728704,1353438636054728704,2021-01-24 14:24:51 CST,2021-01-24,14:24:51,-0600,23022687,tedcruz,Ted Cruz,, https://t.co/48Y35Aojkd,und,[],[],['https://pbs.twimg.com/media/EshhQ8MW8BE2dBk.jpg'],1723,241,1912,[],[],https://twitter.com/tedcruz/status/1353438636054728704,False,https://twitter.com/IsraelHayomEng/status/1353405969498333191,1,https://pbs.twimg.com/media/EshhQ8MW8BE2dBk.jpg,,,,,,,[],,,,
1353234895880007680,1353234895880007680,2021-01-24 00:55:15 CST,2021-01-24,00:55:15,-0600,23022687,tedcruz,Ted Cruz,,"All jokes aside, @Sethrogen is a moron.  It‚Äôs your party that believes in govt power: to shut your business, to oppress your faith &amp; to censor your speech.  Anyone who disagrees, they try to cancel.  BTW, a lot of folks in Hollywood are conservative‚Äî&amp; muzzled by the fascist Left.",en,"[{'screen_name': 'sethrogen', 'name': 'seth rogen', 'id': '443215941'}]",[],[],41103,13415,75693,[],[],https://twitter.com/tedcruz/status/1353234895880007680,False,https://twitter.com/Sethrogen/status/1353229446975606786,0,,,,,,,,[],,,,
1353194226679480320,1353194226679480320,2021-01-23 22:13:39 CST,2021-01-23,22:13:39,-0600,23022687,tedcruz,Ted Cruz,,Who could possibly have predicted this?,en,[],[],[],4659,6239,35845,[],[],https://twitter.com/tedcruz/status/1353194226679480320,False,https://twitter.com/AP/status/1352858876450844672,0,,,,,,,,[],,,,
1353072656044572675,1353072656044572675,2021-01-23 14:10:34 CST,2021-01-23,14:10:34,-0600,23022687,tedcruz,Ted Cruz,,.@ClayTravis if you dare to notice all the Dem cities that are magically allowing small businesses to open up‚Äîmere HOURS after Biden was sworn in‚Äîthat will make the media narrative that much harder.  (It‚Äôs not like Pfizer announced a vaccine mere hours after the Nov election....),en,"[{'screen_name': 'claytravis', 'name': 'clay travis', 'id': '50772918'}]",[],[],2281,3409,15181,[],[],https://twitter.com/tedcruz/status/1353072656044572675,False,https://twitter.com/ClayTravis/status/1353070401228685312,0,,,,,,,,[],,,,
1353070658301779976,1353070658301779976,2021-01-23 14:02:38 CST,2021-01-23,14:02:38,-0600,23022687,tedcruz,Ted Cruz,,"They‚Äôre all dead. So I think we‚Äôre good. And Walt Disney was a Republican.  Even though you behave online like a Marxist with Tourette‚Äôs (screaming ‚ÄúF U! F U!‚Äù is really, really clever), your movies are typically pretty funny.   I‚Äôm sure you hate that I enjoy them.",en,[],[],[],16149,4888,40833,[],[],https://twitter.com/tedcruz/status/1353070658301779976,False,https://twitter.com/Sethrogen/status/1352697235750883328,0,,,,,,,,[],,,,
1352694681419837440,1352694681419837440,2021-01-22 13:08:38 CST,2021-01-22,13:08:38,-0600,23022687,tedcruz,Ted Cruz,,The Post didn‚Äôt think that when Republicans had control of the Senate.  Wonder why? ü§î,en,[],[],[],1515,926,5732,[],[],https://twitter.com/tedcruz/status/1352694681419837440,False,https://twitter.com/pbump/status/1352692759333924864,0,,,,,,,,[],,,,
1352693200373379079,1352693200373379079,2021-01-22 13:02:45 CST,2021-01-22,13:02:45,-0600,23022687,tedcruz,Ted Cruz,,Not a record to aspire to.,en,[],[],[],13596,7818,38673,[],[],https://twitter.com/tedcruz/status/1352693200373379079,False,https://twitter.com/BreitbartNews/status/1352692763024830464,0,,,,,,,,[],,,,
1352691858099609602,1352691858099609602,2021-01-22 12:57:25 CST,2021-01-22,12:57:25,-0600,23022687,tedcruz,Ted Cruz,,Steve Cox served the men and women of East Texas well &amp; faithfully during his tenure¬†as U.S. Attorney.¬†I am grateful for Steve‚Äôs service to Texas and wish my friend¬†the very best¬†as he embarks on the next chapter of his career.  https://t.co/6qtfkELiAl,en,[],['https://www.justice.gov/usao-edtx/pr/us-attorney-cox-announces-departure-eastern-district-texas-post'],[],314,145,1262,[],[],https://twitter.com/tedcruz/status/1352691858099609602,False,,0,,,,,,,,[],,,,
1352491446574739458,1352491446574739458,2021-01-21 23:41:03 CST,2021-01-21,23:41:03,-0600,23022687,tedcruz,Ted Cruz,,If only we knew the Senate Majority Leader....,en,[],[],[],3760,2951,22258,[],[],https://twitter.com/tedcruz/status/1352491446574739458,False,https://twitter.com/SenSchumer/status/1352435057840029696,0,,,,,,,,[],,,,
1352466575568343042,1352466575568343042,2021-01-21 22:02:13 CST,2021-01-21,22:02:13,-0600,23022687,tedcruz,Ted Cruz,,Politico gets it right.  https://t.co/QvXT0rCDKM,en,[],['https://www.politico.com/news/magazine/2021/01/21/tone-down-biden-inauguration-media-adulation-461122'],[],1289,604,3276,[],[],https://twitter.com/tedcruz/status/1352466575568343042,False,,0,,,,,,,,[],,,,
1352465498953437184,1352465498953437184,2021-01-21 21:57:57 CST,2021-01-21,21:57:57,-0600,23022687,tedcruz,Ted Cruz,,Fantasia. It was playing at a film revival. It scared me; I cried‚ÄîI was 4. My Mom had to take me out.   Good times.,en,[],[],[],2793,371,7109,[],[],https://twitter.com/tedcruz/status/1352465498953437184,False,https://twitter.com/mgmstudios/status/1352345221883961346,0,,,,,,,,[],,,,
1352463650079039492,1352463650079039492,2021-01-21 21:50:36 CST,2021-01-21,21:50:36,-0600,23022687,tedcruz,Ted Cruz,,"Earlier this evening my staff reached out to @TexasGuard leaders to make sure #TX Guardsmen are okay &amp; that they're being taken care of while serving in our Nation's capital.  This should NEVER have been an issue, but glad to hear they have been welcomed back inside the Capitol.",en,"[{'screen_name': 'texasguard', 'name': 'texas national guard', 'id': '26814634'}]",[],[],3360,2386,17522,['tx'],[],https://twitter.com/tedcruz/status/1352463650079039492,False,,0,,,,,,,,[],,,,
1352461150676520961,1352461150676520961,2021-01-21 21:40:40 CST,2021-01-21,21:40:40,-0600,23022687,tedcruz,Ted Cruz,,This is WRONG. And needs to be corrected immediately.,en,[],[],[],11543,9308,40941,[],[],https://twitter.com/tedcruz/status/1352461150676520961,False,https://twitter.com/politico/status/1352420217524285442,0,,,,,,,,[],,,,
1352418221782151172,1352418221782151172,2021-01-21 18:50:05 CST,2021-01-21,18:50:05,-0600,23022687,tedcruz,Ted Cruz,,The new CNN uniforms are very fetching.,en,[],[],[],1905,1068,9793,[],[],https://twitter.com/tedcruz/status/1352418221782151172,False,https://twitter.com/TheBabylonBee/status/1352375486417154053,0,,,,,,,,[],,,,
1352325336780955648,1352128118035722240,2021-01-21 12:40:59 CST,2021-01-21,12:40:59,-0600,23022687,tedcruz,Ted Cruz,,@AOC  https://t.co/MpgErKb1Dp,und,[],['https://twitter.com/tedcruz/status/1352321556643516424'],[],904,114,1244,[],[],https://twitter.com/tedcruz/status/1352325336780955648,False,https://twitter.com/tedcruz/status/1352321556643516424,0,,,,,,,,"[{'screen_name': 'AOC', 'name': 'Alexandria Ocasio-Cortez', 'id': '138203134'}]",,,,
1352321556643516424,1352321556643516424,2021-01-21 12:25:58 CST,2021-01-21,12:25:58,-0600,23022687,tedcruz,Ted Cruz,,"Who do you stand with?  Paris or Pittsburgh?  If you support blue-collar union workers, if you stand for jobs, get your free bumper sticker here:   https://t.co/WS98mc41SZ  https://t.co/Xm7aDSIv4Z",en,[],['https://action.tedcruz.org/dsp-pittsburghparis/'],['https://pbs.twimg.com/media/EsRpSPPXYAAHDd0.jpg'],17762,3288,18670,[],[],https://twitter.com/tedcruz/status/1352321556643516424,False,,1,https://pbs.twimg.com/media/EsRpSPPXYAAHDd0.jpg,,,,,,,[],,,,
1352112939680075777,1352112939680075777,2021-01-20 22:37:00 CST,2021-01-20,22:37:00,-0600,23022687,tedcruz,Ted Cruz,,"Charming, civil, educated response. ‚Å¶@Sethrogen‚Å©  If you‚Äôre a rich, angry Hollywood celebrity, today‚Äôs Dems are the party for you.  If you‚Äôre blue-collar, if you‚Äôre a union member, if you work in energy or manufacturing...not so much.   #JobsMatter  https://t.co/mwtMaBKiS2",en,"[{'screen_name': 'sethrogen', 'name': 'seth rogen', 'id': '443215941'}]",[],['https://pbs.twimg.com/media/EsOrjVHW8AA8mH3.jpg'],35009,8933,58584,['jobsmatter'],[],https://twitter.com/tedcruz/status/1352112939680075777,False,,1,https://pbs.twimg.com/media/EsOrjVHW8AA8mH3.jpg,,,,,,,[],,,,
1351953107459207169,1351953107459207169,2021-01-20 12:01:53 CST,2021-01-20,12:01:53,-0600,23022687,tedcruz,Ted Cruz,,.‚Å¶@garthbrooks‚Å© singing Amazing Grace at the Biden Inauguration.   May God bless the United States of America. üá∫üá∏üá∫üá∏üá∫üá∏  https://t.co/QK3nbLNj1Q,en,"[{'screen_name': 'garthbrooks', 'name': 'garth brooks', 'id': '1337291258'}]",[],[],5114,299,3908,[],[],https://twitter.com/tedcruz/status/1351953107459207169,False,,1,https://pbs.twimg.com/ext_tw_video_thumb/1351953056859041792/pu/img/QwdE65H1LUb3R5wP.jpg,,,,,,,[],,,,
1351935874439802882,1351935874439802882,2021-01-20 10:53:24 CST,2021-01-20,10:53:24,-0600,23022687,tedcruz,Ted Cruz,,Biden takes the oath.   May God bless the United States of America.  üá∫üá∏üá∫üá∏üá∫üá∏  https://t.co/bgv8ncHcHn,en,[],[],['https://pbs.twimg.com/media/EsMKgiDXEAMfw92.jpg'],23706,1571,22009,[],[],https://twitter.com/tedcruz/status/1351935874439802882,False,,1,https://pbs.twimg.com/media/EsMKgiDXEAMfw92.jpg,,,,,,,[],,,,
1351934600994549762,1351934600994549762,2021-01-20 10:48:21 CST,2021-01-20,10:48:21,-0600,23022687,tedcruz,Ted Cruz,,.@jlo singing at the Biden Inauguration.  Beautiful. üá∫üá∏üá∫üá∏  https://t.co/Z3BPpL4fx1,en,"[{'screen_name': 'jlo', 'name': 'jlo', 'id': '85603854'}]",[],[],2033,191,1727,[],[],https://twitter.com/tedcruz/status/1351934600994549762,False,,1,https://pbs.twimg.com/ext_tw_video_thumb/1351934500696170501/pu/img/mr0y2aTpltNeY-9n.jpg,,,,,,,[],,,,
1351933235580858369,1351933235580858369,2021-01-20 10:42:55 CST,2021-01-20,10:42:55,-0600,23022687,tedcruz,Ted Cruz,,.‚Å¶@ladygaga‚Å© singing the national anthem at the Biden Inauguration.  üá∫üá∏üá∫üá∏üá∫üá∏  https://t.co/YxrZAbtpdr,en,"[{'screen_name': 'ladygaga', 'name': 'lady gaga', 'id': '14230524'}]",[],[],3523,251,2677,[],[],https://twitter.com/tedcruz/status/1351933235580858369,False,,1,https://pbs.twimg.com/ext_tw_video_thumb/1351933089086398464/pu/img/F09NneDB0buAbnCV.jpg,,,,,,,[],,,,
1351689084767531012,1351689084767531012,2021-01-19 18:32:45 CST,2021-01-19,18:32:45,-0600,23022687,tedcruz,Ted Cruz,,Right answers.,en,[],[],[],2038,449,4891,[],[],https://twitter.com/tedcruz/status/1351689084767531012,False,https://twitter.com/cjf39/status/1351670674302005248,0,,,,,,,,[],,,,
1350892916953157632,1350892916953157632,2021-01-17 13:49:04 CST,2021-01-17,13:49:04,-0600,23022687,tedcruz,Ted Cruz,,Extraordinary courage.  Putin is a KGB thug &amp; there is incredible power in shining sunlight on his oppression.,en,[],[],[],13962,3568,19898,[],[],https://twitter.com/tedcruz/status/1350892916953157632,False,https://twitter.com/AmichaiStein1/status/1350873341599608832,0,,,,,,,,[],,,,
1350267721015988225,1350267721015988225,2021-01-15 20:24:46 CST,2021-01-15,20:24:46,-0600,23022687,tedcruz,Ted Cruz,,I do love Doritos.,en,[],[],[],14461,6643,55804,[],[],https://twitter.com/tedcruz/status/1350267721015988225,False,https://twitter.com/ddale8/status/1350262667945140224,0,,,,,,,,[],,,,
1350209764681080839,1350209764681080839,2021-01-15 16:34:28 CST,2021-01-15,16:34:28,-0600,23022687,tedcruz,Ted Cruz,,"True: ‚ÄúThe GOP should be America‚Äôs blue-collar, populist, outsider party, dedicated to individual and religious freedom. It should be the party that stands up to China. And it should do all this without saying or doing crazy things.‚Äù  https://t.co/Qffm16ZCHo",en,[],['https://www.foxnews.com/opinion/trump-accomplishments-ari-fleischer'],[],15059,3154,18873,[],[],https://twitter.com/tedcruz/status/1350209764681080839,False,,0,,,,,,,,[],,,,
1349461010390933511,1349461010390933511,2021-01-13 14:59:11 CST,2021-01-13,14:59:11,-0600,23022687,tedcruz,Ted Cruz,,yes,und,[],[],[],6093,6893,47247,[],[],https://twitter.com/tedcruz/status/1349461010390933511,False,https://twitter.com/realDailyWire/status/1349317908434862087,0,,,,,,,,[],,,,
1349119620939210754,1349119620939210754,2021-01-12 16:22:37 CST,2021-01-12,16:22:37,-0600,23022687,tedcruz,Ted Cruz,,That would make too much sense.,en,[],[],[],9763,4054,27297,[],[],https://twitter.com/tedcruz/status/1349119620939210754,False,https://twitter.com/AriFleischer/status/1348999432725999619,0,,,,,,,,[],,,,
1348074805694705668,1348074805694705668,2021-01-09 19:10:54 CST,2021-01-09,19:10:54,-0600,23022687,tedcruz,Ted Cruz,,unacceptable,ca,[],[],[],43012,4325,20138,[],[],https://twitter.com/tedcruz/status/1348074805694705668,False,https://twitter.com/AdamMilstein/status/1348070989062565890,0,,,,,,,,[],,,,
1348028216368394240,1348028216368394240,2021-01-09 16:05:46 CST,2021-01-09,16:05:46,-0600,23022687,tedcruz,Ted Cruz,,Not true. The ‚Äúrecord‚Äù you cite is the show vote on the watered-down House resolution AFTER you BLOCKED the resolution condemning antisemitism. See:¬† https://t.co/CHlYTvFEDf  You support BDS. And you demand candidates promise NOT to visit Israel:¬† https://t.co/6aKBDKUtAy,en,[],"['https://tinyurl.com/y3zjs9y3', 'https://tinyurl.com/y2kuuytk']",[],15029,5081,20519,[],[],https://twitter.com/tedcruz/status/1348028216368394240,False,https://twitter.com/AOC/status/1347986081820631046,0,,,,,,,,[],,,,
1347983166515113987,1347983166515113987,2021-01-09 13:06:45 CST,2021-01-09,13:06:45,-0600,23022687,tedcruz,Ted Cruz,,"Epic hypocrisy. Facts:  1) Nazis are evil bigots.  2) You &amp; your anti-Israel pals blocked a resolution condemning antisemitism‚Äîwhich I passed unanimously in the Senate.  https://t.co/kYQGO4zVVU  3) Unless they are genocidal, calling your political opponents Nazis is atrocious.",en,[],['https://tinyurl.com/y5x2lx3z'],[],33141,5196,22727,[],[],https://twitter.com/tedcruz/status/1347983166515113987,False,https://twitter.com/AOC/status/1347963567233003521,0,,,,,,,,[],,,,
1347678192123990016,1347678192123990016,2021-01-08 16:54:54 CST,2021-01-08,16:54:54,-0600,23022687,tedcruz,Ted Cruz,,"Really sad. At a time of deep national division, President-elect Biden‚Äôs choice to call his political opponents literal Nazis does nothing to bring us together or promote healing.    This kind of vicious partisan rhetoric only tears our country apart.",en,[],[],[],148670,14675,56443,[],[],https://twitter.com/tedcruz/status/1347678192123990016,False,https://twitter.com/jameshohmann/status/1347638041251348483,0,,,,,,,,[],,,,
1347411930114359296,1347411930114359296,2021-01-07 23:16:52 CST,2021-01-07,23:16:52,-0600,23022687,tedcruz,Ted Cruz,,Devastating. Heidi and I are lifting up in prayer the family of the U.S. Capitol Police officer who tragically lost his life keeping us safe. He was a true hero.  Yesterday's terrorist attack was a horrific assault on our democracy. Every terrorist needs to be fully prosecuted.,en,[],[],[],107671,2218,15799,[],[],https://twitter.com/tedcruz/status/1347411930114359296,False,https://twitter.com/frankthorp/status/1347404855606915072,0,,,,,,,,[],,,,
1347328716796534790,1347322698444242945,2021-01-07 17:46:12 CST,2021-01-07,17:46:12,-0600,23022687,tedcruz,Ted Cruz,,"@AOC 1. Yes, my campaign sends out automated fundraising messages‚Äîas does your campaign &amp; every other.  2. When the attack happened, w/in minutes I told my team to halt fundraising.  3. Your LIE is that debating an Election Commission in the Senate somehow supports terrorist violence.",en,[],[],[],7289,388,3941,[],[],https://twitter.com/tedcruz/status/1347328716796534790,False,,0,,,,,,,,"[{'screen_name': 'AOC', 'name': 'Alexandria Ocasio-Cortez', 'id': '138203134'}]",,,,
1347327696343330816,1347327696343330816,2021-01-07 17:42:09 CST,2021-01-07,17:42:09,-0600,23022687,tedcruz,Ted Cruz,,Yes.,und,[],[],[],6322,6093,38752,[],[],https://twitter.com/tedcruz/status/1347327696343330816,False,https://twitter.com/greta/status/1347253704483811341,0,,,,,,,,[],,,,
1347327415081725952,1347327415081725952,2021-01-07 17:41:02 CST,2021-01-07,17:41:02,-0600,23022687,tedcruz,Ted Cruz,,"1. Yes, my campaign sends out automated fundraising messages‚Äîas does your campaign &amp; every other.  2. When the attack happened, w/in minutes I told my team to halt fundraising.  3. Your LIE is that debating an Election Commission in the Senate somehow supports terrorist violence.",en,[],[],[],9719,2882,17650,[],[],https://twitter.com/tedcruz/status/1347327415081725952,False,https://twitter.com/AOC/status/1347322698444242945,0,,,,,,,,[],,,,
1347325360048906244,1347325360048906244,2021-01-07 17:32:52 CST,2021-01-07,17:32:52,-0600,23022687,tedcruz,Ted Cruz,,"Ted Cruz condemns Capitol violence, calls for peaceful transfer of power | Fox News  https://t.co/KYOaKdzNFg",en,[],['https://www.foxnews.com/politics/ted-cruz-condemns-capitol-violence-calls-for-peaceful-transfer-of-power'],[],7725,469,5109,[],[],https://twitter.com/tedcruz/status/1347325360048906244,False,,0,,,,,,,,[],,,,
1347244926019502080,1347243715182661633,2021-01-07 12:13:15 CST,2021-01-07,12:13:15,-0600,23022687,tedcruz,Ted Cruz,,"2/2 ...try to massively raise taxes, when you try to pass the green new deal &amp; destroy millions of jobs, when you push for amnesty, when you try to pack the Supreme Court w/ activists to undermine our Constitutional rights...  I will fight that every step &amp; stand with the People.",en,[],[],[],23903,7965,59129,[],[],https://twitter.com/tedcruz/status/1347244926019502080,False,,0,,,,,,,,[],,,,
1347243715182661633,1347243715182661633,2021-01-07 12:08:26 CST,2021-01-07,12:08:26,-0600,23022687,tedcruz,Ted Cruz,,"1/2 @AOC You are a liar.   Leading a debate in the Senate on ensuring election integrity is doing our jobs, and it‚Äôs in no way responsible for the despicable terrorists who attacked the Capitol yesterday.  And sorry, I ain‚Äôt going anywhere. When you and your socialist buddies...",en,"[{'screen_name': 'aoc', 'name': 'alexandria ocasio-cortez', 'id': '138203134'}]",[],[],39082,10394,56283,[],[],https://twitter.com/tedcruz/status/1347243715182661633,False,https://twitter.com/AOC/status/1347236707138211845,0,,,,,,,,[],,,,
1346927158384414725,1346927158384414725,2021-01-06 15:10:33 CST,2021-01-06,15:10:33,-0600,23022687,tedcruz,Ted Cruz,,Stop stoking division.   Stop spreading hatred.   Stop using malicious rhetoric (such as false &amp; reckless charges of ‚Äúsedition‚Äù).  Stop showing contempt for the half of the country that disagrees with you.  Violence is wrong. We can do better. We are one Nation. #EPluribusUnum,en,[],[],[],63933,6119,33640,['epluribusunum'],[],https://twitter.com/tedcruz/status/1346927158384414725,False,https://twitter.com/BetoORourke/status/1346921717055283203,0,,,,,,,,[],,,,
1346911179042484230,1346911179042484230,2021-01-06 14:07:04 CST,2021-01-06,14:07:04,-0600,23022687,tedcruz,Ted Cruz,,"Those storming the Capitol need to stop NOW.   The Constitution protects peaceful protest, but violence‚Äîfrom Left or Right‚Äî is ALWAYS wrong.  And those engaged in violence are hurting the cause they say they support.",en,[],[],[],63057,9385,52199,[],[],https://twitter.com/tedcruz/status/1346911179042484230,False,,0,,,,,,,,[],,,,
1346906229189341184,1346906229189341184,2021-01-06 13:47:24 CST,2021-01-06,13:47:24,-0600,23022687,tedcruz,Ted Cruz,,Violence is always unacceptable. Even when passions run high.  Anyone engaged in violence‚Äîespecially against law enforcement‚Äîshould be fully prosecuted.   God bless the Capitol Police and the honorable men &amp; women of law enforcement who show great courage keeping all of us safe.,en,[],[],[],87388,10932,66187,[],[],https://twitter.com/tedcruz/status/1346906229189341184,False,,0,,,,,,,,[],,,,
1346453341409341440,1346453341409341440,2021-01-05 07:47:47 CST,2021-01-05,07:47:47,-0600,23022687,tedcruz,Ted Cruz,,This is nuts.   And profoundly harmful to the mission of any great university.,en,[],[],[],1250,610,4737,[],[],https://twitter.com/tedcruz/status/1346453341409341440,False,https://twitter.com/McCormickProf/status/1346241324866007046,0,,,,,,,,[],,,,
1346239853999087617,1346239853999087617,2021-01-04 17:39:27 CST,2021-01-04,17:39:27,-0600,23022687,tedcruz,Ted Cruz,,üòÇ,und,[],[],[],639,732,8436,[],[],https://twitter.com/tedcruz/status/1346239853999087617,False,https://twitter.com/CliffordDMay/status/1345963176513466370,0,,,,,,,,[],,,,
1346237318043234304,1346237318043234304,2021-01-04 17:29:23 CST,2021-01-04,17:29:23,-0600,23022687,tedcruz,Ted Cruz,,Hmm. Wonder what similarities link these states? ü§î,en,[],[],[],879,475,3770,[],[],https://twitter.com/tedcruz/status/1346237318043234304,False,https://twitter.com/michael_hendrix/status/1346234222575554566,0,,,,,,,,[],,,,
1346237146198405120,1346237146198405120,2021-01-04 17:28:42 CST,2021-01-04,17:28:42,-0600,23022687,tedcruz,Ted Cruz,,Hmm. Wonder what similarities link these states? ü§î,en,[],[],[],345,302,2204,[],[],https://twitter.com/tedcruz/status/1346237146198405120,False,https://twitter.com/michael_hendrix/status/1346234223439568896,0,,,,,,,,[],,,,
1345991326467305478,1345991326467305478,2021-01-04 01:11:54 CST,2021-01-04,01:11:54,-0600,23022687,tedcruz,Ted Cruz,,"Cuomo:  ‚ÄúI will fine any doctor one meeee-lion dollars for daring to administer a Covid vaccine to anyone who the government doesn‚Äôt pre-authorize.‚Äù  #PartyOfScience  Next time, hold your pinky to your lips.  https://t.co/D4RnOdBXl9",en,[],[],['https://pbs.twimg.com/tweet_video_thumb/Eq3r-W7XUAE1pXA.jpg'],1309,836,4447,['partyofscience'],[],https://twitter.com/tedcruz/status/1345991326467305478,False,https://twitter.com/BuckSexton/status/1345909195992870912,1,https://pbs.twimg.com/tweet_video_thumb/Eq3r-W7XUAE1pXA.jpg,,,,,,,[],,,,
1345989518210560000,1345989518210560000,2021-01-04 01:04:43 CST,2021-01-04,01:04:43,-0600,23022687,tedcruz,Ted Cruz,,Democrats cured the flu.,en,[],[],[],3591,5601,28889,[],[],https://twitter.com/tedcruz/status/1345989518210560000,False,https://twitter.com/dcexaminer/status/1345929026725146625,0,,,,,,,,[],,,,
1345989106812276736,1345989106812276736,2021-01-04 01:03:04 CST,2021-01-04,01:03:04,-0600,23022687,tedcruz,Ted Cruz,,I think a soul patch would be better. @michaeljknowles,en,"[{'screen_name': 'michaeljknowles', 'name': 'michael knowles', 'id': '31047836'}]",[],[],424,99,2001,[],[],https://twitter.com/tedcruz/status/1345989106812276736,False,https://twitter.com/michaeljknowles/status/1345903114382172162,0,,,,,,,,[],,,,
1345873974719377410,1345873974719377410,2021-01-03 17:25:35 CST,2021-01-03,17:25:35,-0600,23022687,tedcruz,Ted Cruz,,"Ok, so you‚Äôll object to GA?  Deal.  Let an impartial Election Commission decide what voter fraud occurred.",en,[],[],[],14097,6343,35292,[],[],https://twitter.com/tedcruz/status/1345873974719377410,False,https://twitter.com/SenSchumer/status/1345810744412139521,0,,,,,,,,[],,,,
1345834172175294472,1345834172175294472,2021-01-03 14:47:25 CST,2021-01-03,14:47:25,-0600,23022687,tedcruz,Ted Cruz,,Ted Cruz On Election Audit: Dismissing Election Fraud Claims ‚ÄòDoes Real Violence To Our Democratic System‚Äô - The Daily Caller  https://t.co/oHOWgYiyzN,en,[],['https://dailycaller.com/2021/01/03/ted-cruz-election-audit-dismissing-election-fraud-claims-real-violence-democratic-system/'],[],2869,1639,10096,[],[],https://twitter.com/tedcruz/status/1345834172175294472,False,,0,,,,,,,,[],,,,
1345602036096770048,1345602036096770048,2021-01-02 23:25:00 CST,2021-01-02,23:25:00,-0600,23022687,tedcruz,Ted Cruz,,"Every word of this is true.   Except for ‚Äúit‚Äôs time.‚Äù  It was time when the riots and violence and fire-bombing started, not many months after their terrorist ‚Äúsummer of love.‚Äù",en,[],[],[],2386,2824,17885,[],[],https://twitter.com/tedcruz/status/1345602036096770048,False,https://twitter.com/dcexaminer/status/1345355232600088576,0,,,,,,,,[],,,,
1345516546026840064,1345516546026840064,2021-01-02 17:45:17 CST,2021-01-02,17:45:17,-0600,23022687,tedcruz,Ted Cruz,,Watch: Cruz Says ‚ÄòFolks Pushing Theory‚Äô to Not Vote in Georgia Have a ‚ÄòDifferent Agenda‚Äô  https://t.co/KL0u6wC6Wq,en,[],['https://www.breitbart.com/2020-election/2021/01/02/watch-ted-cruz-believes-folks-pushing-theory-to-not-vote-in-georgia-have-a-different-agenda-in-mind/'],[],1446,591,4036,[],[],https://twitter.com/tedcruz/status/1345516546026840064,False,,0,,,,,,,,[],,,,
1345513906316439552,1345513906316439552,2021-01-02 17:34:48 CST,2021-01-02,17:34:48,-0600,23022687,tedcruz,Ted Cruz,,"Two points on the ‚Äúenemies list‚Äù:   (1) calling for a fair, credible audit of claims of serious election fraud is DEFENDING the integrity of our democracy, and  (2) some of us remember when Reich (rightly) wrote ‚ÄúDon‚Äôt Democrats Believe in Democracy?‚Äù  https://t.co/ipRWtirIVd",en,[],['https://prospect.org/article/democrats-believe-democracy/'],[],6471,3640,16221,[],[],https://twitter.com/tedcruz/status/1345513906316439552,False,https://twitter.com/RBReich/status/1345507450930176001,0,,,,,,,,[],,,,
1345427279749537795,1345427279749537795,2021-01-02 11:50:34 CST,2021-01-02,11:50:34,-0600,23022687,tedcruz,Ted Cruz,,"This is a so-called ‚Äújournalist.‚Äù  Screaming ‚Äúthere is no fraud, EVER...and we should ARREST anyone who wants to audit the results.‚Äù  https://t.co/XnjgYAQcuj",en,[],[],['https://pbs.twimg.com/tweet_video_thumb/Eqvq-hHXUAIgN_Z.jpg'],2736,2637,12769,[],[],https://twitter.com/tedcruz/status/1345427279749537795,False,https://twitter.com/KeithOlbermann/status/1345424640823484417,1,https://pbs.twimg.com/tweet_video_thumb/Eqvq-hHXUAIgN_Z.jpg,,,,,,,[],,,,
1345424285184241665,1345424285184241665,2021-01-02 11:38:41 CST,2021-01-02,11:38:41,-0600,23022687,tedcruz,Ted Cruz,,"GOP senators, led by Cruz, to object to Electoral College certification, demand emergency audit | Fox News  https://t.co/t0RRwhpLJn",en,[],['https://www.foxnews.com/politics/gop-senators-cruz-electoral-college-certification-audit'],[],8954,9826,47053,[],[],https://twitter.com/tedcruz/status/1345424285184241665,False,,0,,,,,,,,[],,,,
